Date,ASPI_Index,ASPI_Trend_%,Brent_Oil,USD_LKR,Global_Market_Index,Global_Interest_Rate,Global_Fear_Index,Global_Market_Trend_%,Oil_Trend_%,Rate_Trend_%
2025-04-03,15646.34,-2.2558260408909856,70.13999938964844,292.6122436523437,5396.52001953125,4.054999828338623,30.020000457763672,-4.8395633359901495,-6.417608745088232,-3.3603495593574784
2025-04-04,15373.35,-1.8154123237277744,65.58000183105469,293.7733459472656,5074.080078125,3.984999895095825,45.310001373291016,-5.974960534553109,-6.501279723801556,-1.7262622985480536
2025-04-07,14675.26,-4.540910081407111,64.20999908447266,295.1425170898437,5062.25,4.15500020980835,46.97999954223633,0.0,0.0,0.0
2025-04-08,15120.76,3.1398081232158632,62.81999969482422,294.78192138671875,4982.77001953125,4.26200008392334,52.33000183105469,-1.5700524562941354,-2.164770922702864,2.5752074298914573
2025-04-09,14882.81,-1.6188834926105802,65.4800033569336,295.4718933105469,5456.89990234375,4.400000095367432,33.619998931884766,0.0,0.0,0.0
2025-04-10,15580.83,4.738386455991046,63.33000183105469,297.6172180175781,5268.0498046875,4.394000053405762,40.720001220703125,-3.4607579584726933,-3.283447488783986,-0.1363645870823271
2025-04-11,15526.2,-0.3506231696257516,64.76000213623047,294.00079345703125,5363.35986328125,4.493000030517578,37.560001373291016,1.809209520170896,2.258013996258179,2.253071823134878
2025-04-16,15630.52,0.671896536177558,65.8499984741211,295.2793884277344,5275.7001953125,4.2789998054504395,32.63999938964844,-2.24083715440897,1.8246487375693565,-1.017815157046309
2025-04-17,15616.57,-0.05958064441810637,67.95999908447266,295.19866943359375,5282.7001953125,4.333000183105469,29.649999618530273,0.13268380955802073,3.2042530892096854,1.261985980608027
2025-04-21,15609.73,-0.043799630776796696,66.26000213623047,295.19866943359375,5158.2001953125,4.40500020980835,33.81999969482422,-2.3567493023827546,-2.5014669969743997,1.6616668280701186
2025-04-22,15555.86,-0.2804557293419515,67.44000244140625,295.8359680175781,5287.759765625,4.388999938964844,30.56999969482422,2.5117204723895226,1.780863669080035,-0.36322974078137893
2025-04-23,15543.99,-0.07630564944657511,66.12000274658203,296.8365783691406,5375.85986328125,4.38700008392334,28.450000762939453,1.6661138470960069,-1.957294850294633,-0.04556516448654957
2025-04-24,15613.1,0.4446091383229145,66.55000305175781,296.6181640625,5484.77001953125,4.304999828338623,26.469999313354492,2.0259113708281262,0.6503331629066134,-1.8691646687041596
2025-04-25,15770.64,0.9926592779157806,66.87000274658203,296.6634826660156,5525.2099609375,4.265999794006348,24.84000015258789,0.7373133469998461,0.48084099196110675,-0.9059241785690397
2025-04-28,15811.47,0.44104830123668853,65.86000061035156,296.5470886230469,5528.75,4.216000080108643,25.149999618530273,0.06407067039131409,-1.5103964329986397,-1.1720514841082164
2025-04-29,15867.34,0.35335107994386356,64.25,296.4957275390625,5560.830078125,4.172999858856201,24.170000076293945,0.5802410694099036,-2.444580314957534,-1.01992932721513
2025-04-30,15818.77,-0.30610045540084224,63.119998931884766,296.3867492675781,5569.06005859375,4.177000045776367,24.700000762939453,0.147999135976562,-1.7587565262493943,0.09585878397950776
2025-05-02,15851.74,0.3278493462633402,61.290000915527344,297.1692810058594,5686.669921875,4.322000026702881,22.68000030517578,1.472657412963474,-1.3520040852195825,2.1507936955162066
2025-05-05,15916.69,0.40973419952636114,60.22999954223633,297.0586853027344,5650.3798828125,4.3429999351501465,23.639999389648438,-0.6381597588933863,-1.7294850015616037,0.4858840425155053
2025-05-06,15981.88,0.40957008021140073,62.150001525878906,296.1912841796875,5606.91015625,4.308000087738037,24.760000228881836,-0.7693239651855532,3.1877834936661076,-0.8058910415548848
2025-05-07,15850.47,-0.6961712460976632,61.119998931884766,296.35809326171875,5631.27978515625,4.275000095367432,23.549999237060547,0.43463562331358396,-1.6572849053998029,-0.7660165203926983
2025-05-08,15906.8,0.41157458842541156,62.84000015258789,296.311279296875,5663.93994140625,4.373000144958496,22.479999542236328,0.5799775094835535,2.814138172057201,2.2923987697043957
2025-05-09,15916.17,-0.061220953012447635,63.90999984741211,295.802001953125,5659.91015625,4.375,21.899999618530273,-0.0711480912216289,1.7027366203469896,0.0457318768628312
2025-05-14,16176.1,1.6331190229810313,66.08999633789062,295.5668640136719,5892.580078125,4.5279998779296875,18.6200008392334,0.1024415597859818,-0.8104471526143464,0.6445833514836741
2025-05-15,16314.79,1.13785425051019,64.52999877929688,295.7983703613281,5916.93017578125,4.454999923706055,17.829999923706055,0.41323320741357694,-2.3604140490765535,-1.6121898452216898
2025-05-16,16379.39,0.3959597395982418,65.41000366210938,295.5722351074219,5958.3798828125,4.440999984741211,17.239999771118164,0.7005272294898557,1.3637143955670394,-0.3142522829315153
2025-05-19,16397.79,0.1123362957961194,65.54000091552734,296.47442626953125,5963.60009765625,4.474999904632568,18.139999389648438,0.08761131291423752,0.19874215890507418,0.765591533622545
2025-05-20,16353.98,-0.2665011147918486,65.37999725341797,296.8290100097656,5940.4599609375,4.480999946594238,18.09000015258789,-0.38802294486252054,-0.24413130893238266,0.13407915283882854
2025-05-21,16355.91,0.1203458566072385,64.91000366210938,297.6395263671875,5844.60986328125,4.5960001945495605,20.8700008392334,-1.613513066101424,-0.718864501457317,2.566396994553144
2025-05-22,16473.37,0.7181501976961233,64.44000244140625,296.44488525390625,5842.009765625,4.552999973297119,20.280000686645508,-0.04448710379429954,-0.7240813344422614,-0.9356009450007363
2025-05-23,16504.86,0.191157000662281,64.77999877929688,295.9132995605469,5802.81982421875,4.508999824523926,22.290000915527344,-0.6708297825321674,0.5276168916966917,-0.966399056254108
2025-05-26,16496.24,0.010791502116468196,64.77999877929688,295.80859375,5802.81982421875,4.508999824523926,22.290000915527344,0.0,0.0,0.0
2025-05-27,16657.63,0.9783441560016101,64.08999633789062,296.65386962890625,5921.5400390625,4.434000015258789,18.959999084472656,2.04590558452733,-1.065147351664919,-1.6633358213327343
2025-05-28,16718.2,0.36361715322047616,64.9000015258789,296.6932678222656,5888.5498046875,4.4770002365112305,19.309999465942383,-0.5571225417268844,1.2638558812171352,0.96978396717331
2025-05-29,16815.6,0.6146759952060897,64.1500015258789,296.496826171875,5912.169921875,4.423999786376953,19.18000030517578,0.4011194261904327,-1.1556240098098303,-1.1838384483887965
2025-05-30,16854.86,0.23347367920264517,63.900001525878906,296.3419189453125,5911.68994140625,4.415999889373779,18.56999969482422,-0.008118516130162234,-0.38971160413635575,-0.18082950699519484
2025-06-02,16979.89,0.7418038476736086,64.62999725341797,295.75213623046875,5935.93994140625,4.461999893188477,18.360000610351562,0.41020419271569075,1.142403302202455,1.0416667791452339
2025-06-03,17214.39,1.3810454602473867,65.62999725341797,296.2703552246094,5970.3701171875,4.460000038146973,17.690000534057617,0.5800290454605506,1.547269135845597,-0.044819701689302605
2025-06-04,17353.05,0.8054888962083466,64.86000061035156,296.40618896484375,5970.81005859375,4.364999771118164,17.610000610351562,0.00736874595066439,-1.173238877480387,-2.1300508120237427
2025-06-05,17452.91,0.5754607979577078,65.33999633789062,296.0943298339844,5939.2998046875,4.394000053405762,18.479999542236328,-0.5277383403094138,0.7400489099940843,0.6643822178292735
2025-06-06,17394.45,-0.23223481124684112,66.47000122070312,296.11181640625,6000.35986328125,4.510000228881836,16.770000457763672,1.0280683010067904,1.7294229356379809,2.639967548160671
2025-06-09,17500.24,0.6081824949912185,67.04000091552734,296.5931396484375,6005.8798828125,4.48199987411499,17.15999984741211,0.09199480792858594,0.85752923778597,-0.6208504067811926
2025-06-11,17657.6,0.8991876682834063,69.7699966430664,295.8769836425781,6022.240234375,4.4120001792907715,17.260000228881836,-0.2743888954607865,4.336763537268751,-1.3857800209706062
2025-06-12,17661.45,0.02180364262413918,69.36000061035156,295.9562072753906,6045.259765625,4.35699987411499,18.020000457763672,0.38224199557175265,-0.587639461719236,-1.2466070476140012
2025-06-13,17434.33,-1.2859646291782385,74.2300033569336,296.0225524902344,5976.97021484375,4.423999786376953,20.81999969482422,-1.1296379879250695,7.021341845050699,1.5377533669443055
2025-06-16,17360.19,-0.38382792757019535,73.2300033569336,295.08026123046875,6033.10986328125,4.452000141143799,19.110000610351562,0.9392659896159117,-1.3471641583949756,0.6329194421091255
2025-06-17,17281.95,-0.4506863116129489,76.44999694824219,297.9289245605469,5982.72021484375,4.39300012588501,21.600000381469727,-0.8352184790166306,4.397096058583916,-1.3252473806892318
2025-06-18,17071.44,-1.2180917084009617,76.69999694824219,297.6103515625,5980.8701171875,4.396999835968018,20.139999389648438,-0.03092402101070313,0.32701113143176475,0.0910473473342277
2025-06-19,16867.44,-1.1949782795124488,76.69999694824219,297.26239013671875,5980.8701171875,4.396999835968018,20.139999389648438,0.0,0.0,0.0
2025-06-20,17087.95,1.6038567719156795,77.01000213623047,297.318359375,5967.83984375,4.375,20.6200008392334,-0.2178658486505891,0.4041788791692813,-0.5003374298096608
2025-06-23,16765.4,-1.8875874519763927,71.4800033569336,297.3758544921875,6025.169921875,4.320000171661377,19.829999923706055,0.9606504133156335,-7.180883814954742,-1.2571389334542382
2025-06-24,17191.2,2.5397544943753205,67.13999938964844,297.62750244140625,6092.18017578125,4.293000221252441,17.479999542236328,1.112172017970181,-6.07163369259156,-0.6249988272234663
2025-06-25,17526.5,1.950416492158779,67.68000030517578,297.2384948730469,6092.16015625,4.293000221252441,16.760000228881836,-0.00032861029504172024,0.8042909151569022,0.0
2025-06-26,17740.46,1.1681366270482594,67.7300033569336,296.9375915527344,6141.02001953125,4.252999782562256,16.59000015258789,0.8020121275230219,0.07388157732319822,-0.9317595301338133
2025-06-27,17872.74,0.7456401919679647,67.7699966430664,296.49896240234375,6173.06982421875,4.2829999923706055,16.31999969482422,0.5218970885222163,0.05904810888912593,0.7053894037651665
2025-06-30,18026.72,0.8615355004325023,67.61000061035156,296.69439697265625,6204.9501953125,4.230000019073486,16.729999542236328,0.5164427424532603,-0.23608682402260772,-1.237449763986198
2025-07-01,17996.73,-0.16636415276877878,67.11000061035156,296.84375,6198.009765625,4.250999927520752,16.829999923706055,-0.1118531087121899,-0.7395355649848168,0.49645173410342025
2025-07-02,18141.79,0.8060353186384416,69.11000061035156,297.1443176269531,6227.419921875,4.293000221252441,16.639999389648438,0.47450967910880326,2.9801817639851125,0.9880097494187501
2025-07-03,18100.92,-0.22528096731358924,68.80000305175781,296.14813232421875,6279.35009765625,4.3480000495910645,16.3799991607666,0.8338955206607324,-0.44855672964256854,1.2811513045433154
2025-07-04,18148.34,0.2619756343876444,68.29000091552734,297.08367919921875,6279.35009765625,4.3480000495910645,16.3799991607666,0.0,-0.741282141872579,0.0
2025-07-07,18042.2,-0.5848468785574878,69.58000183105469,297.0412292480469,6229.97998046875,4.394999980926514,17.790000915527344,-0.7862297279128794,1.8890040975735767,1.0809551701792097
2025-07-08,18032.12,-0.05586901819068628,70.1500015258789,297.928955078125,6225.52001953125,4.414999961853027,16.809999465942383,-0.07158868810946961,0.8192004596496272,0.45506213909691784
2025-07-09,18161.49,0.7174419868545684,70.19000244140625,297.4593200683594,6263.259765625,4.3420000076293945,15.9399995803833,0.6062103402663555,0.05702197385211161,-1.6534531110843687
2025-07-11,18541.26,2.091072924082771,70.36000061035156,297.6038513183594,6259.75,4.422999858856201,16.399999618530273,-0.32975229626984737,2.505829306523144,1.7717363290321142
2025-07-14,18838.39,1.6025340241170234,69.20999908447266,297.6614990234375,6268.56005859375,4.427000045776367,17.200000762939453,0.1407413809457303,-1.6344535473322819,0.09044058439560132
2025-07-15,18946.27,0.5726604025078577,68.70999908447266,297.88580322265625,6243.759765625,4.488999843597412,17.3799991607666,-0.3956298214731202,-0.7224389634649997,1.4004923690975835
2025-07-16,18885.04,-0.32317706862617285,68.5199966430664,298.2823486328125,6263.7001953125,4.454999923706055,17.15999984741211,0.3193657417327689,-0.2765280802473291,-0.7574052367110395
2025-07-17,18876.85,-0.042944226516762544,69.5199966430664,298.6078186035156,6297.35986328125,4.4629998207092285,16.520000457763672,0.537376740890938,1.4594279757618622,0.17957120404434868
2025-07-18,18973.7,0.5130622958809335,69.27999877929688,297.9528503417969,6296.7900390625,4.432000160217285,16.40999984741211,-0.009048620868445933,-0.345221339698476,-0.6945924655452296
2025-07-21,19044.08,0.37093450407669565,69.20999908447266,298.9638366699219,6305.60009765625,4.372000217437744,16.649999618530273,0.1399134882868358,-0.10103882225404037,-1.353789273703443
2025-07-22,19091.93,0.2512591839563791,68.58999633789062,298.3778076171875,6309.6201171875,4.335999965667725,16.5,0.06375316336257875,-0.8958282831723507,-0.823427492671025
2025-07-23,19265.88,0.9111179435499711,68.51000213623047,298.66217041015625,6358.91015625,4.388000011444092,15.369999885559082,0.7811886951519131,-0.11662663060381107,1.199263057843658
2025-07-24,19379.24,0.7075790362041835,69.18000030517578,298.71099853515625,6363.35009765625,4.4079999923706055,15.390000343322754,0.06982236416543941,0.9779567188058724,0.4557880782669388
2025-07-25,19467.71,0.4565194507111734,68.44000244140625,298.86279296875,6388.64013671875,4.386000156402588,14.930000305175781,0.397432777929585,-1.069670223337893,-0.4990888386137704
2025-07-28,19517.86,0.25760605638773126,70.04000091552734,298.2253112792969,6389.77001953125,4.420000076293945,15.029999732971191,0.017685810881817865,2.3378118308673423,0.7751919443442112
2025-07-29,19546.98,0.1491966844725805,72.51000213623047,299.0315856933594,6370.85986328125,4.329999923706055,15.979999542236328,-0.2959442388724254,3.5265579503376943,-2.0362025120903016
2025-07-30,19566.15,0.17381554561186144,73.23999786376953,299.3626708984375,6362.89990234375,4.375999927520752,15.479999542236328,-0.12494327466496813,1.0067517666977333,1.0623557650164095
2025-07-31,19642.48,0.3901125157478605,72.52999877929688,299.2098083496094,6339.39013671875,4.360000133514404,16.719999313354492,-0.36948193411530106,-0.9694143981179404,-0.36562601168533826
2025-08-01,19904.6,1.3344547124395698,69.66999816894531,299.0104675292969,6238.009765625,4.21999979019165,20.3799991607666,-1.5992133140148468,-3.9431968268113793,-3.211016950357426
2025-08-04,19786.23,-0.6428562461553913,68.76000213623047,293.6456604003906,6329.93994140625,4.199999809265137,17.520000457763672,1.473710033091602,-1.3061519400476507,-0.47393322087357914
2025-08-05,19718.0,-0.3448357772046519,67.63999938964844,297.5463562011719,6299.18994140625,4.196000099182129,17.850000381469727,-0.48578659963033344,-1.6288579287170868,-0.09523119677731229
2025-08-06,19804.8,0.4402069175372756,66.88999938964844,297.7960205078125,6345.06005859375,4.21999979019165,16.770000457763672,0.7281907295092482,-1.1088113642336639,0.5719659304631364
2025-08-07,19826.57,0.1099228469865891,66.43000030517578,297.8243103027344,6340.0,4.24399995803833,16.56999969482422,-0.07974800154801898,-0.687694855239962,0.56872438483202
2025-08-11,19923.02,0.48646841082446435,66.62999725341797,297.36920166015625,6373.4501953125,4.2729997634887695,16.25,-0.25041278217863283,0.060070457617045214,-0.28004864295589904
2025-08-12,19972.79,0.24981152455802383,66.12000274658203,297.8706970214844,6445.759765625,4.293000221252441,14.729999542236328,1.134543584661274,-0.7654127688107915,0.4680659693587774
2025-08-13,20003.98,0.15616245902550419,65.62999725341797,298.1263732910156,6466.580078125,4.23799991607666,14.489999771118164,0.32300788824048965,-0.7410851070924873,-1.281162411860659
2025-08-14,19928.67,-0.23443718555230156,66.83999633789062,298.0694885253906,6468.5400390625,4.293000221252441,14.829999923706055,0.030309080129242716,1.8436677359599418,1.2977891992668633
2025-08-15,20218.36,1.453634387041383,65.8499984741211,298.1118469238281,6449.7998046875,4.328000068664551,15.09000015258789,-0.2897135097229109,-1.4811458976821013,0.8152770931350695
2025-08-18,20475.42,1.2714186511665635,66.5999984741211,297.552001953125,6449.14990234375,4.341000080108643,14.989999771118164,-0.010076318078544588,1.1389521904009658,0.3003699454215303
2025-08-19,20601.05,0.6376486772197286,65.79000091552734,297.9692077636719,6411.3701171875,4.302000045776367,15.569999694824219,-0.5858103118756786,-1.2162125783058308,-0.898411278796829
2025-08-20,20736.77,0.8055001514262505,66.83999633789062,298.75714111328125,6395.77978515625,4.296000003814697,15.6899995803833,-0.24316693228262354,1.5959802519404764,-0.13947098786204482
2025-08-21,20715.49,0.0033309517832660705,67.66999816894531,298.23614501953125,6370.169921875,4.329999923706055,16.600000381469727,-0.40041815293089256,1.2417742018698608,0.7914320265634656
2025-08-22,20649.2,-0.3200020853960008,67.7300033569336,298.7651672363281,6466.91015625,4.260000228881836,14.220000267028809,1.5186444876893468,0.08867325197567943,-1.6166211560647348
2025-08-25,20575.59,-0.35647870135404763,68.80000305175781,295.5008850097656,6439.31982421875,4.275000095367432,14.789999961853027,-0.4266385548063467,1.5798016267404735,0.35210952299720155
2025-08-26,20613.39,0.1837128364241317,67.22000122070312,298.85205078125,6465.93994140625,4.257999897003174,14.619999885559082,0.4133995191134998,-2.2965141874573214,-0.39766544994186415
2025-08-27,20753.21,0.6782969710464897,68.05000305175781,298.9294738769531,6481.39990234375,4.23799991607666,14.850000381469727,0.23909843081744153,1.2347542635852582,-0.4697036498425011
2025-08-28,20800.26,0.2267119158915657,68.62000274658203,299.1211853027344,6501.85986328125,4.206999778747559,14.430000305175781,0.31567194195349924,0.8376189114799759,-0.7314803667528125
2025-08-29,20997.36,0.9475843090422909,68.12000274658203,299.2929382324219,6460.259765625,4.2270002365112305,15.359999656677246,-0.639818429357164,-0.7286505100364549,0.47540905194976
2025-09-01,21062.45,0.30999135129368643,68.12000274658203,298.47271728515625,6460.259765625,4.2270002365112305,15.359999656677246,0.0,0.0,0.0
2025-09-02,20990.67,-0.3407960612369406,69.13999938964844,298.78851318359375,6415.5400390625,4.2769999504089355,17.170000076293945,-0.6922279936861564,1.4973526158843065,1.1828651786159439
2025-09-03,20975.73,-0.07117447894707506,67.5999984741211,299.1558837890625,6448.259765625,4.210999965667725,16.350000381469727,0.5100073627984258,-2.227366110966311,-1.5431373744790533
2025-09-04,20991.98,0.0774704861284923,66.98999786376953,299.08758544921875,6502.080078125,4.176000118255615,15.300000190734863,0.8346486409699372,-0.9023677871606517,-0.8311528781159594
2025-09-08,20905.83,-0.41039482697677876,66.0199966430664,298.1701965332031,6495.14990234375,4.046000003814697,15.109999656677246,0.21059789159529885,0.7938880046815422,-0.978951595426425
2025-09-09,20674.11,-1.1083989490013073,66.38999938964844,298.0315246582031,6512.60986328125,4.073999881744385,15.039999961853027,0.26881536531127015,0.5604404201691171,0.6920385047772593
2025-09-10,20769.34,0.4606244234939255,67.48999786376953,298.99346923828125,6532.0400390625,4.0320000648498535,15.350000381469727,0.2983469943562689,1.656873752423338,-1.03092337048738
2025-09-11,20641.83,-0.6139338081999717,66.37000274658203,298.9625549316406,6587.47021484375,4.011000156402588,14.710000038146973,0.8485890387959882,-1.6594979295276313,-0.5208310543032613
2025-09-12,20610.66,-0.15100405341968226,66.98999786376953,298.69390869140625,6584.2900390625,4.060999870300293,14.760000228881836,-0.048276131466740146,0.9341496030289553,1.2465647456505913
2025-09-15,20355.39,-1.2468708156255457,67.44000244140625,298.85333251953125,6615.27978515625,4.033999919891357,15.6899995803833,0.4706619226962694,0.6717489057871617,-0.6648596717866662
2025-09-16,20619.37,1.296855525735444,68.47000122070312,298.97210693359375,6606.759765625,4.026000022888184,16.360000610351562,-0.12879303382402618,1.5272816459218852,-0.19831177893006036
2025-09-17,20775.42,0.7568126475251183,67.94999694824219,299.09979248046875,6600.35009765625,4.076000213623047,15.720000267028809,-0.09701681605103207,-0.7594629227254956,1.2419322019525003
2025-09-18,20965.26,0.9137721403466211,67.44000244140625,298.787841796875,6631.9599609375,4.104000091552734,15.699999809265137,0.47891191851283654,-0.7505438259613251,0.6869449573654318
2025-09-19,21085.09,0.5715645787364431,66.68000030517578,299.26336669921875,6664.35986328125,4.138999938964844,15.449999809265137,0.48854188708296054,-1.126930766188483,0.8528227736678051
2025-09-22,21255.74,0.8093396803143833,66.56999969482422,299.7744140625,6693.75,4.14300012588501,16.100000381469727,0.44100464743330736,-0.1649679211879418,0.09664621838980647
2025-09-23,21302.82,0.35780122081117,67.62999725341797,299.4273376464844,6656.919921875,4.119999885559082,16.639999389648438,-0.5502159197012135,1.5923051877017924,-0.5551590544790153
2025-09-24,21338.45,0.26129031651790835,69.30999755859375,299.4776306152344,6637.97021484375,4.146999835968018,16.18000030517578,-0.2846617843333288,2.4841052393963725,0.6553386203619116
2025-09-25,21521.06,0.8557791217262735,69.41999816894531,299.791748046875,6604.72021484375,4.171999931335449,16.739999771118164,-0.500906134312662,0.15870814345155804,0.6028477539497201
2025-09-26,21598.99,0.3621104164943548,70.12999725341797,299.6814880371094,6643.7001953125,4.186999797821045,15.289999961853027,0.5901836747171263,1.0227587196772303,0.35953659473801913
2025-09-29,21676.3,0.35793340336747226,67.97000122070312,298.4834899902344,6661.2099609375,4.140999794006348,16.1200008392334,0.263554421636214,-3.0799887598877196,-1.098638787578543
2025-09-30,21778.6,0.47194401258517366,67.0199966430664,299.7405090332031,6688.4599609375,4.1479997634887695,16.280000686645508,0.40908483833717035,-1.397682154737634,0.16904056582069948
2025-10-01,21851.3,0.33381392743335203,65.3499984741211,299.7831726074219,6711.2001953125,4.105999946594238,16.290000915527344,0.3399920834961989,-2.4917908871875283,-1.012531805431116
2025-10-02,21951.79,0.45988110547198563,64.11000061035156,299.2799072265625,6715.35009765625,4.0879998207092285,16.6299991607666,0.06183547238911569,-1.897471909292514,-0.4383859259408984
2025-10-03,22094.89,0.6518830582836297,64.52999877929688,299.60772705078125,6715.7900390625,4.11899995803833,16.649999618530273,0.006551280273581206,0.6551211432643367,0.7583204180210412
2025-10-07,22163.23,0.3093022866373175,65.44999694824219,299.2813720703125,6714.58984375,4.126999855041504,17.239999771118164,-0.38114057910215715,-0.03055486801275542,-0.8409496093590207
2025-10-08,22097.99,-0.2943614265610202,66.25,299.8601989746094,6753.72021484375,4.129000186920166,16.299999237060547,0.5827663640568082,1.2223118243847253,0.048469395418537786
2025-10-09,22174.74,0.34731665640178133,65.22000122070312,299.6788635253906,6735.10986328125,4.1479997634887695,16.43000030517578,-0.2755570407195318,-1.5547151385613245,0.46014956910853666
2025-10-10,22318.72,0.6492973536555559,62.72999954223633,301.3192443847656,6552.509765625,4.051000118255615,21.65999984741211,-2.711167321141361,-3.8178497881971585,-2.3384679547708176
2025-10-13,22321.08,0.010574083101539873,63.31999969482422,298.6519775390625,6654.72021484375,4.051000118255615,19.030000686645508,1.5598671787557583,0.9405390672618141,0.0
2025-10-14,22372.57,0.2306788022801764,62.38999938964844,299.7546691894531,6644.31005859375,4.021999835968018,20.809999465942383,-0.15643266604626893,-1.468730748038527,-0.7158795714892641
2025-10-15,22292.28,-0.358876964068053,61.90999984741211,299.7428894042969,6671.06005859375,4.046000003814697,20.639999389648438,0.40260011595036893,-0.7693533369643957,0.5967222482718748
2025-10-16,22416.15,0.555663216144782,61.060001373291016,299.8318786621094,6629.06982421875,3.9760000705718994,25.309999465942383,-0.6294387099829435,-1.3729582881861768,-1.7301021546416107
2025-10-17,22610.75,0.8681240980275382,61.290000915527344,300.14678955078125,6664.009765625,4.006999969482422,20.780000686645508,0.5270715550257155,0.3766779185447877,0.7796755120797361
2025-10-21,22783.62,0.6619303872968746,61.31999969482422,299.9699401855469,6735.35009765625,3.9630000591278076,17.8700008392334,0.0032696450934288634,0.5081156889355398,-0.5770196075053691
2025-10-22,22791.07,0.03269893019634281,62.59000015258789,300.0240783691406,6699.39990234375,3.953000068664551,18.600000381469727,-0.5337539220865439,2.071103170391675,-0.25233384592625585
2025-10-23,22850.95,0.2627344832866557,65.98999786376953,299.5927734375,6738.43994140625,3.990999937057495,17.299999237060547,0.5827393442932483,5.432173994077005,0.9612918728276743
2025-10-24,22859.11,0.03570967509009472,65.94000244140625,299.98406982421875,6791.68994140625,3.996999979019165,16.3700008392334,0.7902422587873881,-0.07576212150588457,0.15033931486587715
2025-10-27,22788.79,-0.10402182661100133,65.62000274658203,300.2420349121094,6875.16015625,3.996999979019165,15.789999961853027,1.2290050865671143,-0.4852891764882239,0.0
2025-10-28,22689.22,-0.4369253479451959,64.4000015258789,301.267333984375,6890.89013671875,3.9830000400543213,16.420000076293945,0.22879438603986557,-1.8591910540062706,-0.3502611718371629
2025-10-29,22777.12,0.3874086460442448,64.91999816894531,301.5093078613281,6890.58984375,4.058000087738037,16.920000076293945,-0.0043578255173426506,0.8074481843877823,1.8830039399822196
2025-10-30,22839.53,0.2740030346242194,65.0,301.4407043457031,6822.33984375,4.0929999351501465,16.90999984741211,-0.9904812439519239,0.12323141298693496,0.8624900605070929
2025-10-31,22804.84,-0.1518857874921244,65.06999969482422,301.3500061035156,6840.2001953125,4.10099983215332,17.440000534057617,0.26179217059763005,0.10769183819110406,0.1954531426807904
2025-11-03,22918.97,0.5004639366029316,64.88999938964844,300.5819091796875,6851.97021484375,4.105999946594238,17.170000076293945,0.17207127269924793,-0.2766256431842251,0.12192427811665851
2025-11-04,22953.49,0.10982056680147817,64.44000244140625,301.3566589355469,6771.5498046875,4.089000225067139,19.0,-1.1736830084583816,-0.6934765795574505,-0.41402147462764605
2025-11-06,23115.12,0.7041630706267326,63.380001068115234,301.55413818359375,6720.31982421875,4.0929999351501465,19.5,-1.1178189042419073,-0.22040206020075281,-1.539574902605123
2025-11-07,23338.25,0.9768315645919434,63.630001068115234,301.8240966796875,6728.7998046875,4.0929999351501465,19.079999923706055,0.12618418007710464,0.3944461908912178,0.0
2025-11-10,23502.59,0.7041659078979786,64.05999755859375,301.3304443359375,6832.43017578125,4.110000133514404,17.600000381469727,1.540101862170995,0.6757763370429659,0.4153481220036781
2025-11-11,23582.16,0.33855843121970813,65.16000366210938,301.1722106933594,6846.60986328125,4.119999885559082,17.280000686645508,0.2075350517340535,1.7171497743337927,0.2433029615531268
2025-11-12,23659.7,0.3288078784979832,62.709999084472656,301.1333312988281,6850.919921875,4.065000057220459,17.510000228881836,0.06295171887717999,-3.7599822589657106,-1.3349473268531309
2025-11-13,23461.46,-0.8378804464976309,63.0099983215332,301.5595397949219,6737.490234375,4.111999988555908,20.0,-1.6556854961596978,0.4783913912300264,1.1562098566755274
2025-11-14,23453.44,-0.03418372087670588,64.38999938964844,302.5352783203125,6734.10986328125,4.1479997634887695,19.829999923706055,-0.05017255648851471,2.190130304516491,0.8754809103368677
2025-11-17,23223.68,-1.006276707978559,64.19999694824219,303.55682373046875,6672.41015625,4.132999897003174,22.3799991607666,-0.9162266176807821,-0.29508066968050306,-0.36161685971215496
2025-11-18,23062.65,-0.6933870945517678,64.88999938964844,303.9739990234375,6617.31982421875,4.123000144958496,24.690000534057617,-0.8256436690967983,1.0747702090430522,-0.24194900299727706
2025-11-19,23029.86,-0.09457019581236233,63.5099983215332,304.7800598144531,6642.16015625,4.132999897003174,23.65999984741211,0.37538357962292324,-2.126677579126901,0.24253581598596696
2025-11-20,23104.96,0.3260983783661733,63.380001068115234,305.25225830078125,6538.759765625,4.105999946594238,26.420000076293945,-1.5567283563270418,-0.20468785522529398,-0.6532773066002973
2025-11-21,22982.72,-0.5290638893120785,62.560001373291016,305.15997314453125,6602.990234375,4.063000202178955,23.43000030517578,0.9823035415319481,-1.293783024621531,-1.0472417188156502
2025-11-24,22644.88,-1.4699739630470197,63.369998931884766,304.5245361328125,6705.1201171875,4.038000106811523,20.520000457763672,1.5467217001293498,1.29475310232261,-0.6153112016589191
2025-11-25,22819.91,0.7729341025432681,62.47999954223633,304.8982238769531,6765.8798828125,4.001999855041504,18.559999465942383,0.9061696817220577,-1.4044491157481076,-0.8915366720593232
2025-11-26,22844.23,0.10657360173637845,63.130001068115234,303.7605895996094,6812.60986328125,3.997999906539917,17.190000534057617,0.6906711511012631,1.0403353563399165,-0.09994874179087843
2025-11-27,22662.09,-0.7973129319745074,63.130001068115234,304.97564697265625,6812.60986328125,3.997999906539917,17.190000534057617,0.0,0.0,0.0
2025-11-28,22742.46,0.3546451364371071,63.20000076293945,304.9532470703125,6849.08984375,4.017000198364258,16.350000381469727,0.5354773163420257,0.11088182106744338,0.47524492917720984
2025-12-01,22087.07,-2.7550519926631742,63.16999816894531,304.2807312011719,6812.6298828125,4.0960001945495605,17.239999771118164,-0.5323329342915684,-0.04747245827840807,1.9666415803880621
2025-12-02,22258.89,1.0754216453864898,62.45000076293945,305.4313659667969,6829.3701171875,4.085999965667725,16.59000015258789,0.24572352619998128,-1.1397774685385609,-0.2441462013391238
2025-12-03,21885.13,-1.6025847096225672,62.66999816894531,305.89056396484375,6849.72021484375,4.057000160217285,16.079999923706055,0.29797912994984355,0.3522776674430572,-0.7097358221759165
2025-12-05,21602.49,-1.0267293241866915,63.75,305.7425231933594,6870.39990234375,4.138999938964844,15.40999984741211,0.1936641757662061,0.7745837677330503,0.7546285011201359
2025-12-08,21594.86,0.4548524729870289,62.4900016784668,305.3935241699219,6846.509765625,4.171999931335449,16.65999984741211,-0.3477255626794018,-1.9764679553462061,0.797293859802739
2025-12-09,22099.72,2.337871141558686,61.939998626708984,305.5859680175781,6840.509765625,4.185999870300293,16.93000030517578,-0.08763589340257116,-0.8801456824849674,0.3355690123504562
2025-12-10,22422.43,1.7613885974243817,62.209999084472656,305.851806640625,6886.68017578125,4.164000034332275,15.770000457763672,0.674955693920154,0.43590646391657994,-0.5255574928252349
2025-12-11,22459.28,0.16434436410326625,61.279998779296875,304.2325744628906,6901.0,4.140999794006348,14.850000381469727,0.2079350841514227,-1.4949370179429988,-0.5523592732058158
2025-12-12,22508.51,0.2191966973117571,61.119998931884766,306.1881103515625,6827.41015625,4.193999767303467,15.739999771118164,-1.0663649289958,-0.2610963619440576,1.2798835047958868
2025-12-15,22281.43,-1.0077633722020272,60.560001373291016,305.52978515625,6816.509765625,4.182000160217285,16.5,-0.15965630269072495,-0.9162263880564514,-0.2861136803042008
2025-12-16,22339.21,0.1993292597322152,58.91999816894531,306.1332092285156,6800.259765625,4.14900016784668,16.479999542236328,-0.23839179519623555,-2.7080633539565913,-0.7890959135900877
2025-12-17,22328.89,-0.01952246090470487,59.68000030517578,306.5467529296875,6721.43017578125,4.151000022888184,17.6200008392334,-1.1592143912241393,1.2898882550051338,0.04820089083152901
2025-12-18,22323.54,-0.027541806446932313,59.81999969482422,306.52105712890625,6774.759765625,4.116000175476074,16.8700008392334,0.7934262269941872,0.2345834264955604,-0.8431666398247106
2025-12-19,22150.27,-0.6383292729371266,60.470001220703125,306.5963134765625,6834.5,4.151000022888184,14.90999984741211,0.8818059450332205,1.0865956689985579,0.8503363926135155
2025-12-22,21920.0,-1.034308858738666,62.06999969482422,306.64788818359375,6878.490234375,4.169000148773193,14.079999923706055,0.6436496360377575,2.6459375588259393,0.43363348074580976
2025-12-23,21964.85,0.3043629156734343,62.380001068115234,306.5446472167969,6909.7900390625,4.169000148773193,14.0,0.45503887657032394,0.49943833545220695,0.0
2025-12-24,21968.18,0.1878049892826196,62.2400016784668,306.4895324707031,6932.0498046875,4.136000156402588,13.470000267028809,0.32214822012188726,-0.22442992505813386,-0.7915565169820504
2025-12-26,22091.11,0.6013921367272264,60.63999938964844,306.4895324707031,6929.93994140625,4.136000156402588,13.600000381469727,-0.030436354912266594,-2.5706976954853022,0.0
2025-12-29,22175.37,0.48271680795184524,61.939998626708984,306.6315612792969,6905.740234375,4.116000175476074,14.199999809265137,-0.349205148036813,2.1437982357276564,-0.483558514753768
2025-12-30,22480.56,1.5733996375438104,61.91999816894531,307.1670837402344,6896.240234375,4.130000114440918,14.329999923706055,-0.13756671519022934,-0.032290051997263536,0.34013455704540174
2025-12-31,22624.31,0.6706795765282642,60.849998474121094,307.0933532714844,6845.5,4.163000106811523,14.949999809265137,-0.7357666300846111,-1.7280357339559127,0.7990312701255942
2026-01-02,22910.46,1.2647899538151661,60.75,306.8994140625,6858.47021484375,4.186999797821045,14.510000228881836,0.18947067188299638,-0.16433603390084706,0.5764998893527107
2026-01-05,23037.35,0.757826249733206,61.7599983215332,307.0959167480469,6902.0498046875,4.164999961853027,14.899999618530273,0.6354126864826393,1.6625486774209053,-0.5254319806622942
2026-01-06,23325.38,1.3496996491380528,60.70000076293945,306.9488830566406,6944.81982421875,4.178999900817871,14.75,0.6196712678341321,-1.7163173371139373,0.3361329914302047
2026-01-08,23520.66,0.9736904805345618,61.9900016784668,307.2781677246094,6921.4599609375,4.183000087738037,15.449999809265137,0.00765482590914246,3.3855947714979795,1.0874837160341322
2026-01-09,23673.73,0.6231104261335743,63.34000015258789,306.11798095703125,6966.27978515625,4.171000003814697,14.489999771118164,0.6475487031883276,2.177768087704446,-0.28687744852113894
2026-01-12,23620.19,-0.14420211124404442,63.869998931884766,306.3979797363281,6977.27001953125,4.186999797821045,15.119999885559082,0.1577633215136931,0.8367520966531261,0.38359611584066755
2026-01-13,23607.8,-0.003007390131778753,65.47000122070312,306.3836669921875,6963.740234375,4.171000003814697,15.979999542236328,-0.19391230550597216,2.505092086387406,-0.3821302789332348
2026-01-14,23736.76,0.5462601343623718,66.5199966430664,306.2088623046875,6926.60009765625,4.139999866485596,16.75,-0.5333360445499591,1.6037809726376695,-0.7432303356688985
2026-01-16,23750.12,0.17470380071450564,64.12999725341797,306.36785888671875,6940.009765625,4.230999946594238,15.859999656677246,-0.06423023039563436,0.580299469298784,1.7067332160191517
2026-01-19,23639.43,-0.3883851067774613,64.12999725341797,307.1474609375,6940.009765625,4.230999946594238,15.859999656677246,0.0,0.0,0.0
2026-01-20,23623.74,-0.017479358063168624,64.91999816894531,306.6322326660156,6796.85986328125,4.295000076293945,20.09000015258789,-2.062675805627745,1.2318742388301551,1.512647849386628
2026-01-21,23803.9,0.7626226837918129,65.23999786376953,306.5621337890625,6875.6201171875,4.252999782562256,16.899999618530273,1.1587741323274559,0.4929138999533844,-0.977888078827005
2026-01-22,23833.71,0.11505348159648363,64.05999755859375,306.48931884765625,6913.35009765625,4.249000072479248,15.640000343322754,0.5487502192628835,-1.8087068421427488,-0.09404444597921335
2026-01-23,23956.51,0.5994011028073254,65.87999725341797,306.7190246582031,6915.60986328125,4.238999843597412,16.09000015258789,0.03268698377891788,2.8410861133104426,-0.2353548767063396
2026-01-26,23955.91,-0.002504538432350956,65.58999633789062,304.4595642089844,6950.22998046875,4.2129998207092285,16.149999618530273,0.5006083031276365,-0.44019570069471214,-0.613352768282216
2026-01-27,23960.16,0.029516024863597973,67.56999969482422,306.1642150878906,6978.60009765625,4.2230000495910645,16.350000381469727,0.40818961771371676,3.0187581452718604,0.23736599352981447
2026-01-28,23967.22,0.029465579528684283,68.4000015258789,306.314697265625,6978.02978515625,4.250999927520752,16.350000381469727,-0.008172305219089626,1.2283584946031434,0.6630328581786138
2026-01-29,23926.41,-0.27384002490818854,70.70999908447266,306.5712890625,6969.009765625,4.2270002365112305,16.8799991607666,-0.1292631274007694,3.3771893378098383,-0.5645657826091388
2026-01-30,23812.31,-0.3706138139625763,70.69000244140625,306.42279052734375,6939.02978515625,4.241000175476074,17.440000534057617,-0.4301899620894223,-0.028279795397134766,0.3312027012422947
2026-02-02,23710.66,-0.42688004649695893,66.30000305175781,308.7688293457031,6976.43994140625,4.275000095367432,16.34000015258789,0.539126612916796,-6.210212530813298,0.8016957907232447
2026-02-03,23764.8,0.35098861229439804,67.33000183105469,307.0510559082031,6917.81005859375,4.27400016784668,18.0,-0.8403983020698336,1.5535425820309534,-0.02339011692269466
2026-02-05,23798.17,0.26825928500705726,67.55000305175781,306.3760681152344,6798.39990234375,4.210000038146973,21.770000457763672,-1.2251015567674717,-2.7497783730057845,-1.5204691408286952
2026-02-06,23801.96,0.13871014292151243,68.05000305175781,306.5799255371094,6932.2998046875,4.205999851226807,20.3700008392334,1.9695796697335899,0.7401924165967744,-0.09501631553254786
2026-02-09,23774.13,-0.1169231441444318,69.04000091552734,305.5182189941406,6964.81982421875,4.197999954223633,17.360000610351562,0.4691086716887227,1.4548094333170836,-0.1902020277257166
2026-02-10,23656.68,-0.4107894752351789,68.80000305175781,306.36456298828125,6941.81005859375,4.146999835968018,17.790000915527344,-0.3303712975458173,-0.3476214666670918,-1.214867051256252
2026-02-11,23653.75,0.011246838940615423,69.4000015258789,306.3475341796875,6941.47021484375,4.171999931335449,17.649999618530273,-0.004895607156218951,0.8720907667252753,0.6028477539497201
2026-02-12,23667.18,0.04861411720145014,67.5199966430664,306.4543762207031,6832.759765625,4.104000091552734,20.81999969482422,-1.566101212770199,-2.708940693771389,-1.6299098969771109
2026-02-13,23735.73,0.35184426515409994,67.75,306.5107421875,6836.169921875,4.056000232696533,20.600000381469727,0.04990891480125548,0.34064479912443435,-1.1695871780071143
2026-02-16,23900.11,0.8024938169131466,67.75,305.94281005859375,6836.169921875,4.056000232696533,20.600000381469727,0.0,0.0,0.0
2026-02-17,23898.42,-0.007071097162314316,67.41999816894531,306.4312744140625,6843.22021484375,4.052000045776367,20.290000915527344,0.10313220779065713,-0.4870875735124569,-0.09862393221576893
2026-02-18,23934.24,0.21530120814878645,70.3499984741211,305.9493713378906,6881.31005859375,4.078999996185303,19.6200008392334,0.5566070147410729,4.345891997554796,0.666336379662158
2026-02-19,23849.41,-0.29444176884126316,71.66000366210938,306.25311279296875,6861.89013671875,4.074999809265137,20.229999542236328,-0.28221256867719813,1.8621253964492768,-0.09806783338826008
2026-02-20,23797.94,-0.30217758054333316,71.76000213623047,306.5476989746094,6909.509765625,4.085999965667725,19.09000015258789,0.6939724763506794,0.13954572845489288,0.2699425010420198
2026-02-23,23819.21,0.19168288911584427,71.48999786376953,305.74468994140625,6837.75,4.0289998054504395,21.010000228881836,-1.0385652247284827,-0.37626012322067304,-1.395011274993252
2026-02-24,23722.82,-0.25312176502395406,70.7699966430664,305.6565856933594,6890.06982421875,4.0329999923706055,19.549999237060547,0.7651614086322311,-1.0071356024868638,0.09928486257939628
2026-02-25,23740.98,0.21257358397542994,70.8499984741211,306.5862731933594,6946.1298828125,4.047999858856201,17.93000030517578,0.8136355657339944,0.11304484223473299,0.37192825474761104
2026-02-26,23783.24,0.338099235964916,70.75,305.46148681640625,6908.85986328125,4.017000198364258,18.6299991607666,-0.5365580569328343,-0.14114110977380134,-0.7658019163247376
2026-02-27,23773.02,-0.0345230250916374,72.4800033569336,306.0484619140625,6878.8798828125,3.9619998931884766,19.860000610351562,-0.43393528110311497,2.445234426761256,-1.3691885103261248
2026-03-03,22442.39,-5.442263144190248,81.4000015258789,306.58770751953125,6816.6298828125,4.056000232696533,23.56999969482422,-0.9444031095625416,4.708005869157739,0.19763770057523722
2026-03-04,22600.55,0.7002955882759192,81.4000015258789,306.8721618652344,6869.5,4.079999923706055,21.149999618530273,0.7756049264286302,0.0,0.5917083242760635
2026-03-05,22824.55,1.0946339726301644,85.41000366210938,307.274169921875,6830.7099609375,4.145999908447266,23.75,-0.5646704863891072,4.9262924583061585,1.6176467150827767
2026-03-06,22717.17,-0.5096014501480937,92.69000244140625,307.8605651855469,6740.02001953125,4.132999897003174,29.489999771118164,-1.3276795812569242,8.523590290544059,-0.31355551691173433
2026-03-09,21979.11,-3.1838730749967734,98.95999908447266,306.4389953613281,6795.990234375,4.136000156402588,25.5,0.8304161513105202,6.764479963230086,0.07259277701867628
2026-03-10,22397.51,2.2524052530708807,87.80000305175781,308.440185546875,6781.47998046875,4.136000156402588,24.93000030517578,-0.21351198877325173,-11.277279846363609,0.0
2026-03-11,22346.09,-0.1449157495669955,91.9800033569336,308.085205078125,6775.7998046875,4.208000183105469,24.229999542236328,-0.08376012017449197,4.760820227661822,1.7408129589024268
2026-03-12,22017.6,-1.494079828915668,100.45999908447266,307.806396484375,6672.6201171875,4.2729997634887695,27.290000915527344,-1.5227676506708532,9.219390539302296,1.5446667669898106
2026-03-13,21692.55,-1.3442258819762671,103.13999938964844,308.9574890136719,6632.18994140625,4.284999847412109,27.190000534057617,-0.6059115470564369,2.667728777224343,0.28083511789249727
2026-03-16,20957.08,-3.390426667219852,100.20999908447266,308.147705078125,6699.3798828125,4.21999979019165,23.510000228881836,1.013088316225197,-2.8407992267933335,-1.516920875964911
2026-03-17,20433.78,-2.414029913186999,103.41999816894531,308.28521728515625,6716.08984375,4.202000141143799,22.3700008392334,0.24942548757938,3.203272242091093,-0.42653198916472457
2026-03-18,20754.04,1.645354683028628,107.37999725341797,307.4776916503906,6624.7001953125,4.258999824523926,25.09000015258789,-1.3607567880073446,3.829045788613983,1.3564893256907684
2026-03-19,20247.11,-1.906530953754803,108.6500015258789,308.8091735839844,6606.490234375,4.281000137329102,24.059999465942383,-0.2748797741878972,1.1827195985707695,0.5165605473495205
2026-03-20,20680.08,2.053246124533101,112.19000244140625,308.7964172363281,6506.47998046875,4.390999794006348,26.780000686645508,-1.5138182356779217,3.2581692276222984,2.569485006974892
2026-03-23,20388.16,-1.21886284365154,99.94000244140625,308.3984069824219,6581.0,4.334000110626221,26.149999618530273,1.1453200463990454,-10.918976498282762,-1.2981026202262824
2026-03-24,21115.84,3.687066565774465,104.48999786376953,310.5161437988281,6556.3701171875,4.392000198364258,26.950000762939453,-0.37425745042546366,4.552726947381158,1.3382576432296567
2026-03-25,21871.88,3.7997307228861343,102.22000122070312,310.71649169921875,6591.89990234375,4.328000068664551,25.329999923706055,0.5419124381509377,-2.1724535261508526,-1.4571977870935227
2026-03-26,21419.94,-2.052737112376737,108.01000213623047,311.66290283203125,6477.16015625,4.415999889373779,27.440000534057617,-1.7406172392416708,5.664254398731772,2.0332675442027437
2026-03-27,21394.17,-0.12030846024778781,112.56999969482422,311.1274719238281,6368.85009765625,4.440000057220459,31.049999237060547,-1.6721843521074309,4.2218289680638454,0.5434820753603464
2026-03-30,21110.95,-1.2386945381514456,112.77999877929688,310.94366455078125,6343.72021484375,4.3420000076293945,30.610000610351562,-0.39457488286226416,0.18654977795324879,-2.2072082956776984
2026-03-31,21080.33,-0.05646626437021388,118.3499984741211,313.06829833984375,6528.52001953125,4.310999870300293,25.25,2.913114047102594,4.93881872239097,-0.7139598635336419
2026-04-02,21117.42,0.24323346710224636,109.02999877929688,312.155517578125,6582.68994140625,4.313000202178955,23.8700008392334,0.11208758485563575,7.7797497353544465,-0.13891098512972544
2026-04-06,21126.6,0.04347121949556338,109.7699966430664,312.4875183105469,6611.830078125,4.335000038146973,24.170000076293945,0.44267825126402816,0.6787103293172336,0.5100819600449613
2026-04-07,21032.46,-0.4455993865553378,109.2699966430664,311.7711486816406,6616.85009765625,4.3429999351501465,25.780000686645508,0.07592481161695641,-0.4554978730898829,0.1845420284377619
2026-04-08,21917.6,4.208447323803302,94.75,312.5792541503906,6782.81005859375,4.290999889373779,21.040000915527344,2.5081414644149813,-13.288182565335294,-1.197330107134098
2026-04-09,21844.54,-0.3333394167244589,95.91999816894531,312.015380859375,6824.66015625,4.293000221252441,19.489999771118164,0.6170023529293189,1.2348265635306666,0.04661691750715846
2026-04-10,22158.72,1.4382541358160894,95.19999694824219,312.1395263671875,6816.89013671875,4.316999912261963,19.229999542236328,-0.11385210916523558,-0.7506268082230094,0.5590423892994689
2026-04-15,22261.48,0.6002170940309988,95.81999969482422,315.260009765625,6997.1298828125,4.286999702453613,18.079999923706055,0.4269897795208255,1.086611213575961,0.7283754743022675
